maturity_years,par_yield
0.083333,0.03730000
0.125000,0.03710000
0.166667,0.03720000
0.250000,0.03730000
0.333333,0.03710000
0.500000,0.03760000
1.000000,0.03730000
2.000000,0.03790000
3.000000,0.03790000
5.000000,0.03880000
7.000000,0.04060000
10.000000,0.04250000
20.000000,0.04820000
30.000000,0.04830000
